"","medications"
"1","NAPROXEN"
"2","ESTROGENS,CONJUGATED"
"3","WARFARIN SODIUM"
"4","CLOPIDOGREL BISULFATE"
"5","PLAVIX"
"6","BECONASE AQ"
"7","AMOXICILLIN"
"8","SYNTHROID"
"9","FERROUS SULFATE"
"10","CLARITIN-D 12 HOUR"
"11","TIMOLOL"
"12","KEFLEX"
"13","ALLEGRA"
"14","ZOCOR"
"15","PREMARIN"
"16","PREMPRO"
"17","ZESTRIL"
"18","TAMOXIFEN CITRATE"
"19","CORTISPORIN (OPHTHALMIC)"
"20","METROGEL"
"21","BELLERGAL-S"
"22","VITAMIN E"
"23","LOVASTATIN"
"24","CELEBREX"
"25","COUMADIN"
"26","PENICILLIN V POTASSIUM"
"27","GUAIFENESIN"
"28","CLARITIN"
"29","CLARITIN-D 24 HOUR"
"30","LISINOPRIL"
"31","PRILOSEC"
"32","DIPHENHYDRAMINE"
"33","DOCUSATE SODIUM"
"34","BISACODYL"
"35","DOK"
"36","DILACOR XR"
"37","PROPYLTHIOURACIL"
"38","FLONASE"
"39","PEPCID"
"40","SOMA"
"41","PROZAC"
"42","FELDENE"
"43","ASPIRIN"
"44","TRUSOPT"
"45","AZOPT"
"46","TIMOLOL MALEATE"
"47","PATANOL"
"48","TRI-NORINYL"
"49","ARALEN PHOSPHATE"
"50","CORTISONE ACETATE"
"51","TRIPHASIL-21"
"52","HYDROCORTISONE"
"53","TRIMINULET"
"54","VERAPAMIL HCL"
"55","CALAN"
"56","MONOPRIL"
"57","ATENOLOL"
"58","LIPITOR"
"59","ACEON"
"60","ZOLOFT"
"61","CELEXA"
"62","FOSAMAX"
"63","NORVASC"
"64","EVISTA"
"65","DICLOFENAC SODIUM"
"66","SALSALATE"
"67","NAPROSYN"
"68","DIPROLENE"
"69","METHOCARBAMOL"
"70","AMITRIPTYLINE HCL"
"71","HYCODAN"
"72","LESCOL"
"73","BACTRIM DS"
"74","FLOMAX"
"75","FUROSEMIDE"
"76","ALLOPURINOL"
"77","POTASSIUM CHLORIDE"
"78","CALCIUM"
"79","NITROGLYCERIN"
"80","LASIX"
"81","LOPRESSOR"
"82","FOLIC ACID"
"83","HYDROCHLOROTHIAZIDE"
"84","METAMUCIL"
"85","K-DUR"
"86","COZAAR"
"87","VITAMIN C"
"88","CARDURA"
"89","LEVOTHROID"
"90","LEVOXYL"
"91","APRESOLINE"
"92","PREDNISOLONE ACETATE"
"93","OCUFLOX"
"94","HYDRALAZINE HCL"
"95","LEVLEN 28"
"96","TRI-LEVLEN 28"
"97","LO/OVRAL-28"
"98","TRI-LEVLEN 21"
"99","FLEXERIL"
"100","TALWIN"
"101","TALWIN COMPOUND"
"102","OMNICEF"
"103","PERCOCET"
"104","TALWIN NX"
"105","PIROXICAM"
"106","IBUPROFEN"
"107","SULFAMETHOXAZOLE/TRIMETHOPRIM"
"108","MEVACOR"
"109","BACTRIM"
"110","HYDROCODONE"
"111","HUMIBID DM"
"112","CEFTIN"
"113","LOESTRIN"
"114","PREMPHASE"
"115","GUAIMAX-D"
"116","WESTCORT"
"117","SPORANOX"
"118","FEOSOL"
"119","ORTHO-NOVUM"
"120","CYCRIN"
"121","DIPYRIDAMOLE"
"122","VASOTEC"
"123","PROVERA"
"124","MIRCETTE"
"125","ALBUTEROL"
"126","MOTRIN"
"127","ATROVENT âINHALER/SOLUTIONã"
"128","ALLEGRA-D"
"129","VIOXX"
"130","VANCENASE AQ"
"131","MECLIZINE HCL"
"132","ACCUPRIL"
"133","SINGULAIR"
"134","FLOVENT"
"135","DIOVAN"
"136","NASONEX"
"137","ARTHROTEC 50"
"138","PRAVACHOL"
"139","PRINIVIL"
"140","LANOXIN"
"141","CLINDAMYCIN HCL"
"142","ERYTHROMYCIN BASE âORALã"
"143","MERIDIA"
"144","ASACOL"
"145","CHOLESTYRAMINE"
"146","MINOCYCLINE HCL"
"147","PAXIL"
"148","NEURONTIN"
"149","FLAGYL"
"150","COLCHICINE"
"151","ZANTAC"
"152","SOLGANAL SUSPENSION"
"153","PEPCID AC"
"154","BENADRYL"
"155","ESTRADIOL"
"156","ESTRACE"
"157","MEPROBAMATE"
"158","HYDROXYZINE HCL"
"159","ZESTORETIC"
"160","VOLTAREN-XR"
"161","AUGMENTIN"
"162","CELESTONE"
"163","WELLBUTRIN SR"
"164","VIAGRA"
"165","RHINOCORT"
"166","RHINOCORT AQUA"
"167","LARIAM"
"168","ALDACTONE"
"169","TRANDATE"
"170","LOTRISONE"
"171","DOVONEX"
"172","SALICYLIC ACID/ALC/PROP GLY"
"173","NASACORT"
"174","TRIAMCINOLONE"
"175","CLOTRIMAZOLE"
"176","BETAMETHASONE"
"177","LABETALOL HCL"
"178","ADALAT"
"179","ADALAT CC"
"180","ZYRTEC"
"181","CLIMARA"
"182","BAYCOL"
"183","AMPICILLIN TRIHYDRATE"
"184","TOPROL XL"
"185","DYAZIDE"
"186","TRIAMTERENE W/HCTZ"
"187","PROLEUKIN"
"188","INTRON A"
"189","TRIAMTERENE"
"190","CIPRO"
"191","PREDNISONE"
"192","PREVACID"
"193","PROCARDIA XL"
"194","ACETAMINOPHEN"
"195","MIDRIN"
"196","MOBIC"
"197","WELLBUTRIN"
"198","SERZONE"
"199","TRAZODONE HCL"
"200","PROGESTERONE"
"201","AYGESTIN"
"202","MEDROXYPROGESTERONE ACET"
"203","ESTROPIPATE"
"204","SULINDAC"
"205","MEDROXYPROGESTERONE ACETATE"
"206","ESTRATEST H.S."
"207","RELAFEN"
"208","PYRIDIUM"
"209","RANITIDINE HCL"
"210","OXYCODONE HCL"
"211","QUININE SULFATE"
"212","TYLENOL W/CODEINE NO.3"
"213","COMPAZINE"
"214","LEVSINEX"
"215","LORAZEPAM"
"216","PROVENTIL"
"217","SEREVENT"
"218","VANCERIL"
"219","ACCOLATE"
"220","GLUCOPHAGE"
"221","AVAPRO"
"222","XENICAL"
"223","MICROZIDE"
"224","HUMIBID"
"225","ACTOS"
"226","NAPROXEN SODIUM"
"227","VICODIN"
"228","SERTRALINE HCL"
"229","TOBRADEX"
"230","CEPHALEXIN"
"231","ORPHENADRINE CITRATE"
"232","MONISTAT 7"
"233","PROPULSID"
"234","TRIMOX"
"235","GUAIFEN/PHENYLEPH HCL/PPA"
"236","REGLAN"
"237","IMITREX"
"238","DARVOCET-N 100"
"239","INFLUENZA VIRUS TRIVALENT"
"240","LEVOTHYROXINE SODIUM"
"241","ESTROGEN,CON/M-PROGEST ACET"
"242","DOXYCYCLINE HYCLATE"
"243","CLINDAMYCIN PALMITATE"
"244","TRENTINOIN CREAM"
"245","PROMETHAZINE HCL"
"246","ALBUTEROL SULFATE"
"247","ERYTHROCIN STEARATE"
"248","NYSTATIN âTOPICALã"
"249","ISOSORBIDE DINITRATE"
"250","ELAVIL"
"251","SKELAXIN"
"252","METRONIDAZOLE"
"253","LORTAB"
"254","AMBIEN"
"255","MACRODANTIN"
"256","PROPOXYPHENE HCL/APAP"
"257","OXYBUTYNIN CHLORIDE"
"258","SINEMET CR"
"259","DICYCLOMINE HCL"
"260","RANITIDINE BISMUTH CITRATE"
"261","GEMFIBROZIL"
"262","PROPOXYPHENE HCL"
"263","SIMVASTATIN"
"264","ACETAMINOPHEN W/CODEINE"
"265","CARDIZEM"
"266","DIOVAN HCT"
"267","GARAMYCIN âSYSTEMICã"
"268","LINCOCIN"
"269","DURATUSS"
"270","PERIOSTAT"
"271","PRANDIN"
"272","TRICOR"
"273","NIASPAN"
"274","TUSSIONEX"
"275","LIQUIBID"
"276","ZITHROMAX"
"277","GUAIFENESIN/P-EPHED HCL"
"278","AXID AR"
"279","ACIPHEX"
"280","DECONAMINE"
"281","CARDIZEM CD"
"282","BECLOMETHASONE DIPROPIONATE"
"283","DILTIAZEM HCL"
"284","CHLORPHENIRAMINE MALEATE"
"285","LOTENSIN"
"286","TIAZAC"
"287","TAGAMET"
"288","CLONIDINE HCL"
"289","BLEPHAMIDE"
"290","ESTRATAB"
"291","ROBAXIN"
"292","DECONAMINE SR"
"293","DURATUSS G"
"294","OXAZEPAM"
"295","OXYCODONE HCL/ACETAMINOPHEN"
"296","CYCLOBENZAPRINE HCL"
"297","HYDROCODONE BITARTRATE/APAP"
"298","DOXEPIN HCL"
"299","OXYCONTIN"
"300","BACLOFEN"
"301","XANAX"
"302","GLUCOTROL XL"
"303","ZIAC"
"304","AVANDIA"
"305","GLUCOTROL"
"306","DIAZEPAM"
"307","DAYPRO"
"308","GRISEOFULVIN MICROSIZE"
"309","PHENTERMINE HCL"
"310","NIFEREX"
"311","RESTORIL"
"312","MINOXIDIL âSOLUTIONã"
"313","LOESTRIN FE"
"314","LAMISIL"
"315","LOTREL"
"316","LIBRAX"
"317","BENTYL"
"318","YOHIMBINE HCL"
"319","BECONASE"
"320","BECLOVENT"
"321","ALUPENT"
"322","DEXAMETHASONE SOD PHOSPHATE"
"323","TYLENOL"
"324","BUSPAR"
"325","CLINORIL"
"326","SPECTAZOLE"
"327","ESTRATEST"
"328","CALAN SR"
"329","ENALAPRIL MALEATE"
"330","KLONOPIN"
"331","VISTARIL"
"332","LORATADINE"
"333","CETIRIZINE HCL"
"334","TRANSDERM-SCOP"
"335","CLONIDINE HCL âORALã"
"336","MIACALCIN"
"337","ATARAX"
"338","DIPROSONE"
"339","IMODIUM A-D"
"340","BETHANECHOL CHLORIDE"
"341","LOPID"
"342","ERYTHROMYCIN ETHYLSUCCINATE"
"343","NORTRIPTYLINE HCL"
"344","HYTRIN"
"345","ISO-ACETAZONE"
"346","NORETHINDRONE"
"347","OVCON-50"
"348","OVCON-35"
"349","COVERA-HS"
"350","SYNVISC"
"351","ULTRAM"
"352","SEREVENT DISKUS"
"353","COLACE"
"354","ERYTHROMYCIN BASE"
"355","PROMETRIUM"
"356","PROGESTERONE SUPPOSITORY"
"357","DOXYCYCLINE MONOHYDRATE"
"358","ARTHROTEC 75"
"359","ATIVAN"
"360","PHENERGAN"
"361","VANCENASE"
"362","VACENASE"
"363","EFFEXOR XR"
"364","PINDOLOL"
"365","MELOXICAM"
"366","QUESTRAN"
"367","PROCARDIA"
"368","DEPO-MEDROL"
"369","LORCET 10/650"
"370","LODINE"
"371","TORADOL"
"372","LAMISIL âTABLETã"
"373","DONNATAL"
"374","LEVAQUIN"
"375","DEPO-TESTOSTERONE"
"376","KEFTAB"
"377","PROPOXYPHENE NAPSYLATE W/APAP"
"378","SENOKOT"
"379","ISOSORBIDE MONONITRATE"
"380","PLENDIL"
"381","ENDOCET"
"382","MIRALAX"
"383","ZANAFLEX"
"384","METROCREAM"
"385","LOMOTIL"
"386","DICLOFENAC POTASSIUM"
"387","DURA-VENT"
"388","ETHYNODIOL DIACE-ETH ESTRADIOL"
"389","OMEPRAZOLE"
"390","APAP"
"391","OXYCODONE W/ACETAMINOPHEN"
"392","METRONIDAZOLE HYDROCHLORIDE"
"393","ZOVIA 1/35-28"
"394","ESTRACE-CREAM"
"395","ESTRACE VAGINAL CREAM"
"396","FLUVIRIN"
"397","ESTRACE VAG CREAM"
"398","PLAQUENIL"
"399","NASALCROM"
"400","PHENYLPROP/GUAIFEN/D-METHORPH"
"401","INDOMETHACIN"
"402","CIPROFLOXACIN HCL"
"403","FEXOFENADINE HCL"
"404","TERAZOSIN HCL"
"405","DIPHENHYDRAMINE HCL"
"406","PRAZOSIN HCL"
"407","BETAMETHASONE SODIUM PHOSPHATE"
"408","FLUOCINONIDE"
"409","ALESSE-28"
"410","AZMACORT"
"411","PROPOXYPHENE HCL/ACETAMINOPHEN"
"412","BACITRACIN ZINC/POLYMYX B SULF"
"413","NEOMYCIN/POLYMYXIN/HC"
"414","PROTONIX"
"415","VALIUM"
"416","LIDEX"
"417","SULFAMETHOXAZOLE"
"418","EXCEDRIN"
"419","BIAXIN"
"420","MOMETASONE FUROATE"
"421","BETOPTIC S"
"422","BETOPTIC"
"423","OXISTAT"
"424","PROSCAR"
"425","LOPROX"
"426","TRIPHASIL-28"
"427","AEROBID"
"428","SEPTRA DS"
"429","DYRENIUM"
"430","VENTOLIN"
"431","LEVORA-28"
"432","DETROL"
"433","PENICILLIN G BENZATHINE"
"434","NORFLEX"
"435","LANSOPRAZOLE"
"436","NIACIN"
"437","PROVENTIL HFA"
"438","FAMCICLOVIR"
"439","CATAFLAM"
"440","FIORINAL W/CODEINE #3"
"441","FIORICET W/CODEINE"
"442","FIORICET"
"443","DEPAKOTE"
"444","DITROPAN"
"445","GLUCOSAMINE COMPLEX"
"446","METOCLOPRAMIDE HCL"
"447","DISALCID"
"448","PROPRANOLOL HCL"
"449","CIMETIDINE"
"450","PROPOXYPHENE NAPSYLATE/APAP"
"451","TEMAZEPAM"
"452","RANITIDINE"
"453","LOSARTAN POTASSIUM"
"454","MAALOX/LIDOCAINE"
"455","TEMOVATE"
"456","LAC-HYDRIN 5"
"457","CLOBETASOL PROPIONATE"
"458","OXISTAT 1% (OXICONAZOLE)"
"459","PHENOL"
"460","PHENYTOIN SODIUM"
"461","ALPRAZOLAM"
"462","EPAMIN"
"463","ALEVE"
"464","FLUOCINOLONE ACETONIDE"
"465","OPCON-A"
"466","CORMAX OINTMENT"
"467","CORMAX"
"468","ASTELIN"
"469","ZADITOR"
"470","DERMASMOTHE/FS"
"471","CORMAX SCALP"
"472","QUAITENEX PSE 600"
"473","TETANUS TOXOID"
"474","QUAIFENEX"
"475","VOLTAREN âTABLETã"
"476","VOLTAREN"
"477","TESTOSTERONE"
"478","TAPAZOLE"
"479","LIVOSTIN"
"480","CHLORHEXIDINE GLUCONATE"
"481","ESTROGENS,ESTERIFIED"
"482","EFFEXOR"
"483","IMIPRAMINE HCL"
"484","TETRACYCLINE HCL âORALã"
"485","PROPINE"
"486","LODINE XL"
"487","CHROMAGEN FA"
"488","PROMETHAZINE VC W/CODEINE"
"489","MENEST"
"490","FLUVASTATIN SODIUM"
"491","EUCERIN"
"492","FOSINOPRIL SODIUM"
"493","PAROXETINE HCL"
"494","TOBREX"
"495","ISOPTO HYOSCINE"
"496","DRYSOL"
"497","AXID"
"498","HYOSCYAMINE SULFATE"
"499","NORINYL 1+35"
"500","VIVACTIL"
"501","CALCIUM CARBONATE"
"502","ZOVIRAX âSYSTEMICã"
"503","ZOVIRAX"
"504","CATAPRES"
"505","COMBIVENT"
"506","CYANOCOBALAMIN"
"507","CARISOPRODOL"
"508","METRONIDAZOLE 1%"
"509","FLUCONAZOLE - OINTMENT"
"510","KETOCONAZOLE"
"511","EXELDERM - OINTMENT"
"512","FLUCONAZOLE-OINTMENT"
"513","EXELDERM-OINTMENT"
"514","EYELDERM-OINTMENT"
"515","TUSSIN AC"
"516","ERCAF"
"517","DESIPRAMINE HCL"
"518","MAXALT"
"519","NADOLOL"
"520","AMANTADINE HCL"
"521","ARMOUR THYROID"
"522","LIOTHYRONINE SODIUM"
"523","GUAIFENESIN LA"
"524","RISPERDAL"
"525","DIOXYCILLIN HYDRO CHLORIDE"
"526","ZYBAN"
"527","ELPHAMIDE"
"528","CORTISPORIN"
"529","INFLAMASE FORTE"
"530","DOXIDAN"
"531","TIMOPTIC-XE"
"532","CLIDINIUM/CHLORDIAZEPOXIDE"
"533","NASAREL"
"534","DESYREL"
"535","XALATAN"
"536","ROXICET"
"537","KLOR-CON 10"
"538","PROPOXYPHENE NAPSYLATE"
"539","SELDANE"
"540","AMARYL"
"541","DOSTINEX"
"542","ENTEX LA"
"543","BENZONATATE"
"544","INDOCIN"
"545","ZYPREXA"
"546","URISPAS"
"547","GUIATUSS"
"548","AVALIDE"
"549","ECOTRIN"
"550","UNIVASC"
"551","ANAPROX"
"552","INTERFERON ALFA-2B,RECOMB."
"553","RIBAVIRIN"
"554","IRON"
"555","TRINALIN REPETABS"
"556","SINUVENT"
"557","CYTOMEL"
"558","ZONALON"
"559","PSORCON"
"560","AMOXIL"
"561","BROMFED"
"562","BENADRYL ALLERGY"
"563","DITROPAN XL"
"564","TOFRANIL"
"565","IMIPRAMINE PAMOATE"
"566","SLOW FE"
"567","ORTHO-CEPT"
"568","NIZORAL CREAM"
"569","GLYBURIDE"
"570","METHYLDOPA"
"571","ATACAND"
"572","HYDROCODONE W/ACETAMINOPHEN"
"573","PRINZIDE"
"574","MAXAIR AUTOHALER"
"575","VICOPROFEN"
"576","LOZOL"
"577","DEPO-PROVERA CONTRACEPTIVE"
"578","ESTROSTEP FE"
"579","PRENATE ADVANCE"
"580","CHROMIUM PICOLINATE"
"581","PHENDIMETRAZINE TARTRATE"
"582","CAPTOPRIL"
"583","ENTEX"
"584","CEFZIL"
"585","CLARITHROMYCIN"
"586","VITAMIN B-12"
"587","AVELOX"
"588","HYCOTUSS"
"589","BROMADRINE"
"590","DYNACIRC"
"591","LAMISIL âCREAMã"
"592","DYNACIRC CR"
"593","PENICILLIN G POTASSIUM"
"594","UNIPHYL"
"595","ORTHO-CYCLEN"
"596","ORTHO TRI-CYCLEN"
"597","MIGRANAL"
"598","PREDNICARBATE"
"599","PREDNICARBATE OINTMENT"
"600","HISMANAL"
"601","HYOSCYAMINE"
"602","SINEMET-10/100"
"603","SINEMET-25/100"
"604","NOVAFED A"
"605","CORTISPORIN (TOPICAL)"
"606","NAPHCON"
"607","GUAIFENESIN/PHENYLPROP"
"608","MACROBID"
"609","ENTEX PSE"
"610","VERELAN"
"611","TEQUIN"
"612","NIFEDIPINE"
"613","PREDNISOLONE ACETATE âEYE DROPSã"
"614","OFLOXACIN âEYE DROPSã"
"615","GABAPENTIN"
"616","PERSANTINE"
"617","TRAMADOL HCL"
"618","TESSALON"
"619","ROBITUSSIN-DM"
"620","METFORMIN HCL"
"621","TRANXENE SD"
"622","ADVIL"
"623","CALCIUM ACETATE"
"624","METHOTREXATE SODIUM"
"625","SOLU-MEDROL"
"626","POSICOR"
"627","MICRO-K"
"628","TETRACYCLINE HCL"
"629","MELATONIN"
"630","NORDETTE-28"
"631","HYDROXYCHLOROQUINE SULFATE"
"632","AMPICILLIN"
"633","TRIAMINIC W/CODEINE"
"634","LAC-HYDRIN 12%"
"635","CARMOL 40"
"636","DIDANOSINE"
"637","RETROVIR"
"638","ARAVA"
"639","CARDIZEM SR"
"640","HCTZ/RESERPINE/HYDRALAZINE"
"641","LEVSIN"
"642","ERYTHROMYCIN STEARATE"
"643","CARISOPRODOL/ASPIRIN"
"644","DECADRON PHOSPHATE"
"645","MARCAINE"
"646","NASACORT AQ"
"647","OCEAN"
"648","MUPIROCIN"
"649","ENDAL"
"650","DURAGESIC"
"651","OGEN"
"652","ATORVASTATIN CALCIUM"
"653","LUVOX"
"654","PHENERGAN W/DEXTROMETHORPHAN"
"655","TIMOPTIC"
"656","COSOPT"
"657","BENADRYL STERI-DOSE"
"658","ARICEPT"
"659","GUAIFED"
"660","HOMEOPATHIC DRUGS"
"661","DRISDOL"
"662","MAXZIDE"
"663","ISONIAZID"
"664","PYRIDOXINE HCL"
"665","ETODOLAC"
"666","ACTONEL"
"667","METRONIDAZOLE - CREAM"
"668","SULFACETAMIDE SODIUM"
"669","CARAFATE"
"670","NESTABS FA"
"671","FIORTAL W/CODEINE #3"
"672","CLOMID"
"673","MAXAIR"
"674","CERIVASTATIN SODIUM"
"675","CERVASTATIN SODIUM"
"676","METHYLPREDNISOLONE"
"677","SUMYCIN"
"678","BUMEX"
"679","SEPTRA"
"680","HALOTUSSIN-AC"
"681","VITACON"
"682","VITACON FORTE"
"683","CIPROFLOXACIN HYDROCHLORIDE âTABLETã"
"684","LEVOBUNOLOL HCL"
"685","TAVIST-D"
"686","TEGRETOL"
"687","DOXYCYCLINE CALCIUM"
"688","CODEINE SULFATE"
"689","FAMVIR"
"690","TALACEN"
"691","CANDESARTAN CILEXETIL"
"692","GUAIFENESIN W/PSEUDOEPHEDRINE"
"693","THERAGRAN-M"
"694","SUDAFED"
"695","GLUCOVANCE"
"696","CLINDAMYCIN PHOSPHATE"
"697","TRENTAL"
"698","DENAVIR"
"699","BUTALBITAL/APAP/CAFFEINE"
"700","REMERON"
"701","DARVON-N"
"702","QUINIDINE SULFATE"
"703","AZITHROMYCIN"
"704","TYLENOL W/CODEINE NO.2"
"705","TENORMIN"
"706","THYROLAR-1"
"707","DIGOXIN"
"708","IMDUR"
"709","ACYCLOVIR"
"710","ALTACE"
"711","HYDROCORTISONE ACETATE"
"712","VALTREX"
"713","ORUVAIL"
"714","CASODEX"
"715","LEUPROLIDE ACETATE"
"716","ETHINYL ESTRADIOL"
"717","HCTZ/TRIAMTERENE"
"718","HYZAAR"
"719","TRIAMCINOLONE CREAM"
"720","CENESTIN"
"721","DOXEPIN HYDROCHLORIDE âORALã"
"722","NYSTATIN"
"723","TRINALIN"
"724","PROPOXYPHENE HCL W/APAP"
"725","INTAL"
"726","PULMICORT"
"727","POLARAMINE"
"728","MULTIVITAMIN"
"729","ANDRODERM"
"730","PANCOTE"
"731","PSEUDOEPHEDRINE HCL/CHLOR-MAL"
"732","PSEUDOEPHEDRINE W/CHLORPHENIR"
"733","PSEUDO-CHLOR"
"734","PSEUDOEPHEDRINE HCL"
"735","PROMETHAZINE W/CODEINE"
"736","OFLOXACIN"
"737","BROMOCRIPTINE MESYLATE"
"738","CABERGOLINE"
"739","UROCIT-K"
"740","DOLOBID"
"741","ADENOSINE"
"742","SEMPREX-D"
"743","HAWTHORNE"
"744","ESTRADERM"
"745","COMBIPATCH"
"746","CARBIDOPA/LEVODOPA"
"747","NYSTATIN CREAM"
"748","PROPANTHELINE BROMIDE"
"749","LEVBID"
"750","MEDROL"
"751","FLUOR-OP"
"752","ANTIVERT"
"753","PHENOBARBITAL"
"754","LAC-HYDRIN"
"755","CLONIDINE HCL W/CHLORTHALIDONE"
"756","TERFENADINE"
"757","MICONAZOLE NITRATE"
"758","OCUPRESS"
"759","STATIN/PLACEBO"
"760","TYLENOL W/CODEINE"
"761","ORLISTAT"
"762","METHOTREXATE"
"763","HT-TUSS DM ELIXIR"
"764","CLONAZEPAM"
"765","FINASTERIDE"
"766","HYDROCORTISONE ACETATE âSYSTEMICã"
"767","FLUOXETINE HCL"
"768","PILOCARPINE HCL"
"769","OPTIPRANOLOL"
"770","VIBRAMYCIN"
"771","ACETAZOLAMIDE"
"772","VEXOL"
"773","ISOPTO HOMATROPINE"
"774","BETIMOL"
"775","ALPHAGAN"
"776","ECONOPRED"
"777","P-V-TUSSIN"
"778","DESOXIMETASONE"
"779","PROVOCHOLINE"
"780","ATROHIST PLUS"
"781","DIETHYLPROPION HCL"
"782","LEVOFLOXACIN"
"783","ZOVIA 1/35-21"
"784","CHROMAGEN FORTE"
"785","FEMHRT"
"786","CAPSAICIN"
"787","ATROVENT"
"788","FLURBIPROFEN"
"789","BETAGAN"
"790","POTASSIUM"
"791","ESTROGENIC SUBSTANCE"
"792","E-MYCIN"
"793","ENTERIC"
"794","REPAGLINIDE TA"
"795","GLIPIZIDE"
"796","FIORINAL"
"797","METOPROLOL TARTRATE"
"798","COREG"
"799","ACCURETIC"
"800","CRIXIVAN"
"801","STAVUDINE"
"802","LAMIVUDINE"
"803","ISOMETHEPTENE/APAP/CAFFEINE"
"804","ADVAIR DISKUS"
"805","FLUOROMETHOLONE"
"806","NEOSPORIN âOINTMENTã"
"807","POLIOVAX"
"808","ARALEN HCL"
"809","TERBINAFINE HCL"
"810","BEL-PHEN-ERGOT S"
"811","SUPRAX"
"812","CHLOR-TRIMETON"
"813","VIVELLE-DOT"
"814","CALCIUM GLUCONATE"
"815","COLESTID"
"816","R-TANNATE"
"817","ELOCON"
"818","ROBINUL"
"819","GUIATEX LA"
"820","NORPACE"
"821","DISOPYRAMIDE PHOSPHATE"
"822","VASERETIC"
"823","ERYTHROMYCIN"
"824","DESOWEN LOTION"
"825","LOPROX LOTION"
"826","LOPRAX LOTION"
"827","PANDEL"
"828","GUIATUSS AC"
"829","NOR-Q-D"
"830","ESTRACE__CREAM"
"831","ESTRACE - CREAM"
"832","TILADE"
"833","THEOPHYLLINE"
"834","NEUPOGEN"
"835","FLUOROURACIL"
"836","CYCLOPHOSPHAMIDE"
"837","DOXORUBICIN HCL"
"838","DEXAMETHASONE"
"839","DOLASETRON MESYLATE"
"840","CHROMAGEN"
"841","BAYCOL_INVESTIGATIONAL STUDY DRUG"
"842","ORNADE"
"843","ZOFRAN"
"844","OXIBUTIN"
"845","METROLOTION"
"846","KLARON LOTION"
"847","DESONIDE"
"848","NIZORAL âTABLETã"
"849","DEPO-PROVERA"
"850","CEPHALEXIN MH"
"851","DIFLUCAN"
"852","OPTICROM"
"853","ALLERGY SHOTS"
"854","DARVOCET-N 50"
"855","DARVON"
"856","NIZORAL"
"857","ESGIC"
"858","CLORAZEPATE DIPOTASSIUM"
"859","PROGESTERONE GEL"
"860","ESTROGEN RING"
"861","CAFERGOT"
"862","ALESSE-21"
"863","ZAROXOLYN"
"864","PENTOXIFYLLINE"
"865","PREMARIN CREAM"
"866","ROBINUL FORTE"
"867","DURAGEN-10"
"868","DIFFERIN"
"869","LEVOBUNOLOL HYDROCHLORIDE"
"870","PAPAVERINE HCL"
"871","SPIRONOLACTONE"
"872","RYNATUSS"
"873","PANLOR SF"
"874","ZINC SULFATE"
"875","AMOXICILLIN TRIHYDRATE"
"876","BETAPACE"
"877","GUAIFEN/D-METHORPHAN HB/PPA"
"878","NORPLANT"
"879","LOTRONEX"
"880","PRINCIPEN 250"
"881","CYCLOCORT"
"882","TOLMETIN SODIUM"
"883","IRBESARTAN"
"884","LATANOPROST"
"885","CARISOPRODOL COMPOUND"
"886","MICARDIS"
"887","LEVOTHYROXINE"
"888","MOLD EXTRACTS"
"889","ORUDIS"
"890","THYROID"
"891","ROFECOXIB"
"892","L-THYROXINE"
"893","BENAZEPRIL HCL"
"894","QUINAPRIL HCL/MAG CARB"
"895","PRAVASTATIN SODIUM"
"896","HYDROCORTISONE ACETATE âTOPICALã"
"897","BECLOMETHASONE DIPROPIONATE âANTI-INFLAMMATORYã"
"898","CITALOPRAM HYDROBROMIDE"
"899","TRIMETHOPRIM"
"900","TOLTERODINE TARTRATE"
"901","LIQUIBID-D"
"902","RETIN-A"
"903","AZELEX - KA"
"904","AZELEX"
"905","TRIVORA-28"
"906","SUDAFED SINUS"
"907","NITROSTAT"
"908","NITRO-DUR"
"909","MINITRAN"
"910","ECONOPRED PLUS"
"911","ANZEMET"
"912","TAXOL"
"913","KETOPROFEN"
"914","NELOVA"
"915","ZOMIG"
"916","NECON 1/35 - 28 NELOVA"
"917","BUTALBITAL COMPOUND W/CODEINE"
"918","MICONAZOLE 7"
"919","SUMYCIN 250"
"920","ERYTHROMYCIN ESTOLATE"
"921","QUINIDINE GLUCONATE"
"922","KU-ZYME"
"923","DOXAZOSIN MESYLATE"
"924","ASTEMIZOLE"
"925","PENTOXIL"
"926","LISINOPRIL/HYDROCHLOROTHIAZIDE"
"927","ISOPTIN S.R."
"928","ERYTHROMYCIN BASE âEYE OINTMENTã"
"929","NIACIN (ANTILIPEMIC)"
"930","UNITHROID"
"931","MICRONOR"
"932","SULFACET-R"
"933","NAPRELAN"
"934","ZOVIRAX âOINTMENTã"
"935","NALTREXONE HCL"
"936","ACYCLOVIR âORALã"
"937","TENORETIC 100"
"938","VITAMIN E âORALã"
"939","THYROLAR-3"
"940","ALENDRONATE SODIUM"
"941","OS-CAL 500"
"942","OS-CAL 250+D"
"943","CODEINE PHOSPHATE/APAP"
"944","ACULAR"
"945","CORGARD"
"946","HELIDAC"
"947","CEFACLOR"
"948","AMIBID"
"949","COGENTIN"
"950","LITHIUM CARBONATE"
"951","CYTOTEC"
"952","RYTHMOL"
"953","ZOVIA 1/35E"
"954","HUMIBID L.A."
"955","NORGESTREL"
"956","CHLOROQUINE PHOSPHATE"
"957","NITROFURANTOIN"
"958","DIPROLENE AF"
"959","BACTROBAN"
"960","BACITRACIN"
"961","BACITRACIN/POLYMYXIN (TOPICAL)"
"962","PRED FORTE"
"963","OXAPROZIN"
"964","DURICEF"
"965","ANUSOL"
"966","PNEUMOVAX 23"
"967","VITRON-C"
"968","XYLOCAINE âTOPICALã"
"969","ZYDONE"
"970","SULFATRIM"
"971","SULAR"
"972","TOBRAMYCIN SULFATE âEYE PREPARATIONã"
"973","RANITIDINE HCL/SODIUM CHLORIDE"
"974","ORTHOPREFEST"
"975","DHEA"
"976","HCTZ/METOPROLOL TARTRATE"
"977","PROFEN II"
"978","AZELEX CREAM"
"979","ADVAIR"
"980","ESTROVEN"
"981","MESTINON"
"982","LO/OVRAL-21"
"983","URECHOLINE"
"984","CHLORDIAZEPOXIDE HCL"
"985","LIBRIUM"
"986","ORTHO-EST"
"987","ROBITUSSIN A-C"
"988","ATENOLOL W/CHLORTHALIDONE"
"989","TRIAMCINOLONE ACETONIDE âTOPICALã"
"990","DIFLUNISAL"
"991","DICLOFENAC SODIUM âTABLETã"
"992","CLIDINIUM W/CHLORDIAZEPOXIDE"
"993","GUAIFENESIN/CODEINE PHOSPHATE"
"994","INDOCIN SR"
"995","LACTULOSE"
"996","DIDRONEL"
"997","ALDOMET"
"998","PRENATAL PLUS"
"999","AMITRIPTYLINE HCL/PERPHENAZINE"
"1000","ARTHROPAN"
"1001","TOBRAMYCIN SULFATE"
"1002","HUMULIN 70/30"
"1003","HUMULIN U HI-610 ULTRALENTE"
"1004","HUMULIN U"
"1005","PROPAFENONE HCL"
"1006","VIVELLE"
"1007","PROPECIA"
"1008","ISOPTIN"
"1009","PLETAL"
"1010","CILOXAN"
"1011","FLUNISOLIDE âEENT ANTI-INFLAMMAT.ã"
"1012","DEMULEN 1/35-28"
"1013","DEMULEN 1/50-28"
"1014","NORGESIC FORTE"
"1015","GLUCOSAMINE"
"1016","CALTRATE-600"
"1017","CUTIVATE OINTMENT"
"1018","PILOCAR"
"1019","ISOMETHEPTENE/APAP/DICHLPHEN"
"1020","CEFPROZIL"
"1021","DANAZOL"
"1022","TENUATE"
"1023","NICOTINE"
"1024","PRENATAL 1MG AND IRON"
"1025","MYSTATIN- CREAM"
"1026","ALLERGY SHOT"
"1027","TRIAMCINOLONE - KA"
"1028","TRIAMCINOLONE ACETONIDE"
"1029","PROVIGIL"
"1030","ROBITUSSIN"
"1031","FERROUS GLUCONATE"
"1032","SALMETEROL XINAFOATE"
"1033","PROBENECID"
"1034","LORABID"
"1035","HYDROCODONE BITARTRATE/ASPIRIN"
"1036","PROCRIT"
"1037","PARAFON FORTE DSC"
"1038","MONODOX"
"1039","HYDROCODONE W/GUAIFENESIN"
"1040","PERCODAN"
"1041","TRANXENE T-TAB"
"1042","PROLEX D"
"1043","CLEOCIN HCL"
"1044","DIAZOXIDE"
"1045","ASPIRIN E.C."
"1046","CISAPRIDE MONOHYDRATE"
"1047","BETAMETHASONE DIPRO CREAM"
"1048","LUXIQ"
"1049","ST. JOHN'S WORT"
"1050","DESOGEN"
"1051","EFUDEX"
"1052","EXTENDRYL JR"
"1053","NALDECON"
"1054","FML"
"1055","VIROPTIC"
"1056","ALOMIDE"
"1057","MAVIK"
"1058","TESTOSTERONE CYPIONATE"
"1059","DIPROSARE"
"1060","AVISTA"
"1061","ENBREL"
"1062","TENEX"
"1063","GUANFACINE HCL"
"1064","PHENAZOPYRIDINE HCL"
"1065","CLOBETASOL PROPIONATE - SOLUTION"
"1066","LEXXEL"
"1067","SPIRONOLACTONE W/HCTZ"
"1068","INDERAL"
"1069","ERY-TAB"
"1070","CATAPRES-TTS 2"
"1071","GLOBETASOL PROPIONATE GEL"
"1072","NIZORAL SHAMPOO"
"1073","TESSALON PERLE"
"1074","NORDETTE-21"
"1075","OVRAL-28"
"1076","NICODERM CQ"
"1077","BELLADONNA ALKALOIDS/PHENOBARB"
"1078","NELOVA 1/50"
"1079","CECLOR CD"
"1080","HYDRODIURIL"
"1081","MEGATON E"
"1082","FENFLURAMINE HCL"
"1083","ILOTYCIN"
"1084","CHLORDRINE"
"1085","PHENYLPROPANOLAMINE HCL"
"1086","QUESTRAN LIGHT"
"1087","CHOLESTYRAMINE LIGHT"
"1088","CEDAX"
"1089","LAMISIL CREAM"
"1090","CARTIA"
"1091","HCTZ/BISOPROLOL FUMARATE"
"1092","DECONSAL II"
"1093","FIBERCON"
"1094","ESGIC-PLUS"
"1095","CHLORZOXAZONE"
"1096","CHLORTHALIDONE"
"1097","VICODIN TUSS"
"1098","MOMETASONE FUROATE-CREAM"
"1099","MICONAZOLE"
"1100","MODICON"
"1101","LEVONORGESTREL-ETHIN ESTRADIOL"
"1102","SURFAK"
"1103","DARVON COMPOUND-65"
"1104","DYNABAC"
"1105","CAPOTEN"
"1106","CECLOR"
"1107","BUDESONIDE"
"1108","CLARON"
"1109","CLARON - KA"
"1110","AZELEX - TA"
"1111","REDUX"
"1112","PROMETHAZINE W/DM"
"1113","AZELEX GEL"
"1114","PANDOL"
"1115","METHYLPHENIDATE HCL"
"1116","CYTOXAN LYOPHILIZED"
"1117","POTASSIUM CITRATE (ALK)"
"1118","PHENYLEPHRINE/GUAIFENESIN"
"1119","NEOMYCIN/BACITRACIN/POLYMYXIN"
"1120","TRIAMCINOLONE ACETONIDE-CREAM"
"1121","NYSTATIN-CREAM"
"1122","BELLADONNA ALKALOIDS"
"1123","GUAIFENEX G"
"1124","PANCREASE"
"1125","ACI-JEL"
"1126","ALLERGY RELIEF"
"1127","ALLERJEC-10"
"1128","TRINSICON"
"1129","CHONDROITIN SULFATE"
"1130","INDAPAMIDE"
"1131","TARKA"
"1132","PHENERGAN W/CODEINE"
"1133","TRIAMCINOLONE .1%"
"1134","GUAIFENESIN DM"
"1135","PROTUSS-D"
"1136","BUTALBITAL COMPOUND"
"1137","VEETIDS 500"
"1138","SPIRONALACTONE"
"1139","GAVISCON"
"1140","DIAVON"
"1141","AMIODARONE HCL"
"1142","ALLERGY INJECTIONS"
"1143","ADDERALL"
"1144","SULFAMETHIZOLE"
"1145","ESTRADIOL VALERATE"
"1146","AEROBID-M"
"1147","DEMADEX"
"1148","MAXZIDE-25MG"
"1149","TRIAMCINOLONE KA"
"1150","PILOPINE HS"
"1151","DIPIVEFRIN HCL"
"1152","FLUOXETINE HYDROCHLORIDE"
"1153","NICOTROL"
"1154","CLONAZOLE NITRATE 1%"
"1155","CLEOCIN T"
"1156","CLEOCIN-T"
"1157","CICLOPIROX CREAM"
"1158","NEOMY SULF/POLYMYX B SULF/HC"
"1159","PARLODEL"
"1160","PERMAX"
"1161","CYCLOGYL"
"1162","GENTAMICIN SULFATE"
"1163","NEOMYCIN/POLYMYXIN/DEXAMETH"
"1164","PROPACET"
"1165","CLOBETASOL PROPIONATE/EMOLL"
"1166","ULTRAVATE"
"1167","DURATUSS DM"
"1168","FLORICAL"
"1169","BAYER ASPIRIN"
"1170","METRONIDAZOLE âTOPICALã"
"1171","DESOWEN"
"1172","MEGACE"
"1173","MIRAPEX"
"1174","NORETHINDRONE-ETHIN ESTRADIOL"
"1175","PIRBUTEROL ACETATE"
"1176","GUAIFENESIN W/CODEINE"
"1177","DIURIL"
"1178","VERAPAMIL"
"1179","VERAPAMIL SR"
"1180","NEFAZODONE HCL"
"1181","PHENOBARBITAL/ERGOTAMINE/BELL"
"1182","NABUMETONE"
"1183","CORTISPORIN âEENT ANTIBIOTICã"
"1184","OXICONAZOLE (LOTION)"
"1185","OXICONAZOLE NITRATE"
"1186","VICODIN HP"
"1187","AZATADINE MALEATE"
"1188","GLUCOPHAGE XR"
"1189","SELEGILINE HCL"
"1190","LEVODOPA"
"1191","EPINEPHRINE INJECTION"
"1192","COLAX"
"1193","COMTAN"
"1194","SEROQUEL"
"1195","POLYSPORIN"
"1196","ANUSOL-HC"
"1197","HYDROCHLOROT"
"1198","PAMELOR"
"1199","TYPHOID VACCINE"
"1200","LEVSIN/SL"
"1201","ANAFRANIL"
"1202","CHLORDIAZEPOXIDE"
"1203","HYDROTUSS"
"1204","LEVO-T"
"1205","TELMISARTAN"
"1206","THORAZINE"
"1207","NIZORAL âTOPICALã"
"1208","NORGESTIMATE-ETHINYL ESTRADIOL"
"1209","ROCALTROL"
"1210","KERALYT GEL"
"1211","CICLOPIROX 8% (PENLAC)"
"1212","VITAMIN B-6 PYRIDOXINE"
"1213","COMBIVIR"
"1214","LOPINAVIR"
"1215","RIFAMPIN"
"1216","MYAMBUTOL"
"1217","PEN-VEE K"
"1218","WIGRAINE"
"1219","LONOX"
"1220","NYSTATIN âORALã"
"1221","ALCONEFRIN 12"
"1222","ANTACID"
"1223","RAXAR"
"1224","ALPROSTADIL"
"1225","DELATESTRYL"
"1226","DECONSAL"
"1227","MEXILETINE HCL"
"1228","CARBIDOPA"
"1229","NIZORAL 2% CREME"
"1230","ADRIAMYCIN-PFS"
"1231","HEMORRHOIDAL HC"
"1232","ALKERAN"
"1233","FERROUS SULFATE/VIT C/FA"
"1234","MESALAMINE"
"1235","E-PILO-6"
"1236","BETAMETHASONE VALERATE"
"1237","ESTRING"
"1238","DULCOLAX"
"1239","DAPSONE"
"1240","EXGEST LA"
"1241","MICRO-K 10"
"1242","PERI-COLACE"
"1243","DOCUSATE SODIUM W/CASANTHRANOL"
"1244","ERYTHROMYCIN âORALã"
"1245","LEUCOVORIN CALCIUM"
"1246","IMODIUM"
"1247","OPIUM"
"1248","SANDOSTATIN LAR"
"1249","QUINAGLUTE"
"1250","FERTINEX"
"1251","ACCUTANE"
"1252","MYSOLINE"
"1253","DESOGESTREL-ETHINYL ESTRADIOL"
"1254","FLAGYL 375"
"1255","DIPENTUM"
"1256","PREVPAC"
"1257","LAMOTRIGINE"
"1258","CROMOLYN SODIUM"
"1259","FLUTICASONE PROPIONATE âINHALERã"
"1260","ORAMORPH SR"
"1261","AMLODIPINE BESYLATE"
"1262","DIPHENOXYLATE HCL/ATROP SULF"
"1263","BUMETANIDE"
"1264","GRIFULVIN V"
"1265","LOTENSIN HCT"
"1266","NEXIUM"
"1267","ESTRIOL"
"1268","ESTRONE"
"1269","CORTAID"
"1270","CORDRAN"
"1271","TICLOPIDINE HCL"
"1272","CYPROHEPTADINE HCL"
"1273","K-TAB"
"1274","ERGOTAMINE TARTRATE/CAFFEINE"
"1275","TROGLITAZONE"
"1276","ACYCLOVIR SODIUM"
"1277","BREVICON"
"1278","ESTRING (ESTRADIOL VAGINAL RING)"
"1279","PRIMATENE MIST"
"1280","BUSPIRONE HCL"
"1281","FLUTICASONE PROPIONATE"
"1282","HYDROXYZINE COMPOUND"
"1283","LEVLEN 21"
"1284","ACETASOL HC"
"1285","MOMETASONE FUROATE CREAM"
"1286","LIDEX-E"
"1287","ADIPEX-P"
"1288","ACTIGALL"
"1289","RU-TUSS âLIQUIDã"
"1290","THEOPHYLLINE ANHYDROUS"
"1291","SULFACETAMIDE SODIUM âEYE PREPARATIONã"
"1292","GUAIFENESIN/PPA HCL"
"1293","GERITOL"
"1294","LAVACOL"
"1295","NITROFURANTOIN MACROCRYSTAL"
"1296","ANSAID"
"1297","BENZOCAINE/PHENOL"
"1298","VANIQA EFLORNITHINE HYDROCLORIDE"
"1299","DIFTERIN GEL"
"1300","BENZACLIN"
"1301","SUMYCIN 500"
"1302","TRILISATE"
"1303","METHIMAZOLE"
"1304","NYSTATIN W/TRIAMCINOLONE"
"1305","FLAREX"
"1306","PREDNISOLONE"
"1307","DIRITHROMYCIN"
"1308","OS-CAL 500+D"
"1309","DEPAKOTE ER"
"1310","CORTISONE OINTMENT"
"1311","MUCO-FEN 800"
"1312","NITRO-BID"
"1313","PROCTOFOAM-HC"
"1314","TEBAMIDE"
"1315","PANASE"
"1316","FERGON"
"1317","ANALPRAM-HC"
"1318","GUIAPHEN HD"
"1319","GUAIFENESIN/PSEUDOEPHEDRINE PD"
"1320","DICLOXACILLIN SODIUM"
"1321","DILANTIN"
"1322","ZYLOPRIM"
"1323","CLOZAPINE"
"1324","PSEUDOEPHEDRINE SULFATE/AZATA"
"1325","TIMOLOL MALEATE âEYE PREPARATIONã"
"1326","MIBEFRADIL DIHYDROCHLORIDE"
"1327","VENTOLIN ROTACAPS"
"1328","SCOPOLAMINE HYDROBROMIDE"
"1329","NASALIDE"
"1330","GUAIPAX"
"1331","CEFADROXIL"
"1332","VICODIN ES"
"1333","CUTIVATE"
"1334","ATROPINE SULFATE"
"1335","PREDNISOL"
"1336","PROTRIPTYLINE HCL"
"1337","THYROLAR-1/2"
"1338","ACIDOPHILUS"
"1339","AMINO-CERV"
"1340","METFORMIN XR"
"1341","INSULIN NPH HUMAN RECOM"
"1342","INSULIN REG HUMAN REC"
"1343","DIFLORASONE DICETATE"
"1344","CARTIA XT"
"1345","PREDNISOLONE SOD PHOSPHATE"
"1346","TERAZOL 7"
"1347","RILUTEK"
"1348","RALOXIFENE HCL"
"1349","TICLID"
"1350","TERBINAFINE HCL TOPICAL"
"1351","NIFEREX-150"
"1352","IRON POLYSACCHARIDES COMPLEX"
"1353","VALSARTAN"
"1354","FETINIC"
"1355","ALDACTAZIDE"
"1356","ESGIC PLUS"
"1357","AZO-GANTRISIN"
"1358","PROSTANGLANDIN"
"1359","PROSTAGLANDIN"
"1360","DURA-TAP/PD"
"1361","TYLENOL W/CODEINE NO.4"
"1362","ZOLADEX"
"1363","NAFTIN 1% GEL"
"1364","FELODIPINE"
"1365","THYROID RX"
"1366","MINOCIN"
"1367","TRIAMANOLONE ACETONIDE AQUAPHOREL"
"1368","LIMBITROL"
"1369","NEXIVM"
"1370","CATAPRES-TTS 1"
"1371","METROGEL-VAGINAL"
"1372","KETOPROFEN-30% OINT."
"1373","TRIAMCINOLONE ACETONIDE CREAM 1%"
"1374","KETOPROFEN-30% OINT"
"1375","CODEINE PHOSPHATE/ASPIRIN"
"1376","BENADRYL âANTI-HISTAMINEã"
"1377","PROCHLORPERAZINE MALEATE"
"1378","PREMARIN VAGINAL CREAM"
"1379","REZULIN"
"1380","BIDEX"
"1381","MYDFRIN"
"1382","THALIDOMIDE"
"1383","ESTRADIOL CYPIONATE"
"1384","AMIDRINE"
"1385","AMITRIPTYLINE/CHLORDIAZEPOXIDE"
"1386","LEVATOL"
"1387","PERIACTIN"
"1388","ALLERFRIM"
"1389","ANDRO GEL"
"1390","TRIAMCINOLONE-CREAM"
"1391","TRIAMCINOLONE ACETONIDE CREAM"
"1392","ELIMITE"
"1393","IODOPEN"
"1394","ASENDIN"
"1395","FAMOTIDINE"
"1396","CORTOMYCIN"
"1397","MS CONTIN"
"1398","TOPAMAX"
"1399","TRIAMCINOLONE ACETONIDE OINTMENT 0.1%"
"1400","TRIAMCINOLONE ACETONIDE OINTMENT 1%"
"1401","FENESIN"
"1402","IONAMIN"
"1403","KLOR-CON"
"1404","PERIOGARD"
"1405","BENZAMYCIN"
"1406","VANIQA"
"1407","TAZORAC"
"1408","TAMOVAC"
"1409","DELHISTINE DM"
"1410","HYDROCORTISONE/IODOQUINOL"
"1411","MOMETASONE FUROATE TOPICAL 0.1%"
"1412","DEPO-ESTRADIOL"
"1413","DEPO-TESTADIOL"
"1414","SALAGEN"
"1415","ROCEPHIN"
"1416","NIZORAL 2% SHAMPOO"
"1417","ROXICODONE"
"1418","GRISACTIN ULTRA"
"1419","RU-TUSS DE"
"1420","SIMPREX"
"1421","VENLAFAXINE HCL"
"1422","ARISTOCORT CREAM"
"1423","TUSSI-12"
"1424","ORTHO-PREFEST"
"1425","SULFAMETHOXAZOLE/TRIMETHOPRIM DS"
"1426","METOPROLOL SUCCINATE"
"1427","DIMETAPP"
"1428","SULFUR 5% TOPICAL"
"1429","SUDAFED 12 HOUR"
"1430","BANEX-LA"
"1431","TESTOSTERONE CREAM"
"1432","TRI-EST"
"1433","AQUABID-M"
"1434","SELENIUM SULFIDE-SHAMPOO"
"1435","SELENIUM SULFIDE SHAMPOO"
"1436","OCUVITE"
"1437","SALICYLIC ACID"
"1438","SOTALOL HCL"
"1439","FERRO-SEQUEL"
"1440","DILOR"
"1441","ANCEF"
"1442","DYNACIN"
"1443","CELECOXIB"
"1444","PULMOCARE"
"1445","MEPROZINE"
"1446","FLOXIN"
"1447","TRAC 2X"
"1448","GENORA"
"1449","MEPERGAN FORTIS"
"1450","PROGEST"
"1451","AZELASTINE HCL"
"1452","CORDARONE"
"1453","STARLIX"
"1454","ATROVENT âSPRAYã"
"1455","NTG"
"1456","PROCTOCREAM-HC"
"1457","REVIA"
"1458","DURATEX"
"1459","VALISONE"
"1460","SULFASALAZINE"
"1461","CORTENEMA"
"1462","AZATHIOPRINE"
"1463","ROWASA"
"1464","FIV ASA SUPPOSITORY"
"1465","DEMULEN 1/35-21"
"1466","CLIANE"
"1467","TRIQUILAR"
"1468","VEETIDS 250"
"1469","RITALIN"
"1470","METHYLCELLULOSE"
"1471","HEMOCYTE âTABLETã"
"1472","PONDIMIN"
"1473","HEMOCYTE PLUS"
"1474","SUCRALFATE"
"1475","PENTASA"
"1476","MYCOSTATIN CREAM"
"1477","QUINAPRIL HCL/MAG CB(ANT)"
"1478","PROFENAL"
"1479","ALLERGEN"
"1480","AMITRIPTYLINE W/PERPHENAZINE"
"1481","TRIAMCINOLONE OINTMENT"
"1482","CICLOPIROX"
"1483","ANIMAL HAIR/DANDER"
"1484","TREE POLLEN"
"1485","GRASS POLLEN"
"1486","NORCO"
"1487","NOLAMINE"
"1488","APAP/ISOMETHEPTENE/DICHLPHEN"
"1489","TERAZOL 3"
"1490","TERBINAFINE HCL âTABLETã"
"1491","HYDROCORTISONE/BENZ PER"
"1492","HYDREA"
"1493","AGRYLIN"
"1494","PREFILLED NEBULIZER"
"1495","NIZATIDINE"
"1496","OMNIHIST"
"1497","LIDOCAINE HCL"
"1498","INSUL NPH HU REC/INS RG HU REC"
"1499","EASPRIN"
"1500","HALCION"
"1501","KENALOG-10"
"1502","VICKS 44"
"1503","BREVOXYL"
"1504","PROMETHAZINE VC"
"1505","SLOW-K"
"1506","ARTHRICIN"
"1507","KETO/GUA/LIDO SPEEDGEL"
"1508","GUAIFEN/DM HB/P-EPHEDRINE"
"1509","BUFFERIN ANALGESIC"
"1510","POLYMYXIN B SULFATE/HC"
"1511","HALOG"
"1512","PERIDEX"
"1513","EPIVIR"
"1514","FLURAZEPAM HCL"
"1515","BUPROPION HCL"
"1516","NITROFURANTOIN/NITROFURAN MAC"
"1517","METROLOTION TOPICAL"
"1518","BROMFED-PD"
"1519","CORVERA"
"1520","CORVERA HS"
"1521","NIZORAL TOPICAL"
"1522","BETAMETHASONE DIPROPIONATE LOTION"
"1523","OXICONAZOLE NITRATE CREAM"
"1524","ALCLOMETASONE DIPROPIONATE CREAM"
"1525","FIORPAP"
"1526","SARAFEM"
"1527","CLOMIPHENE CITRATE"
"1528","NOSTRIL"
"1529","ACTIFED"
"1530","POLY-HISTINE CS"
"1531","CONTRIN"
"1532","COLYTE FLAVORED"
"1533","CLINDAMYCIN PHOSPHATE âTOPICALã"
"1534","NALFON"
"1535","MONISTAT 1"
"1536","SIMILASAN"
"1537","SLUVASTATIN"
"1538","RYNATAN"
"1539","IODOQUINOL CREAM 1%"
"1540","CHROMAGEN OB"
"1541","FLUNISOLIDE"
"1542","ZANTAC 75"
"1543","LOTRIMIN"
"1544","ESTRACE (VAGINAL CREAM)"
"1545","OXSORALEN-ULTRA"
"1546","LIDEX - E CREAM"
"1547","AMERGE"
"1548","DURACT"
"1549","INTERFERON ALFA-2A,RECOMB."
"1550","VOLMAX"
"1551","POLY-HISTINE-D"
"1552","AK-CON-A"
"1553","TETRACYCLINE HCL âTOPICALã"
"1554","DONEPEZIL HCL"
"1555","GENETEAL GTTS"
"1556","GENTEAL LUBRICANT"
"1557","ALLERGAN GTTS"
"1558","TOBRAMYCIN SULFATE/DEXAMETH"
"1559","CLEOCIN"
"1560","MAXIDEX"
"1561","VANIQA__KA"
"1562","ESIDRIX"
"1563","ESTRADIOL__CREAM"
"1564","TETRACYCLINE HCL âDENTALã"
"1565","MENTHOL IN 1/4% AQUAPHOR"
"1566","BAYCOL__INVESTIGATIONAL STUDY DRUG"
"1567","HYDROXYPROGESTERONE CAPROATE"
"1568","OXYCODONE/ASPIRIN"
"1569","ALREX"
"1570","LINDANE"
"1571","CLINDAMYCIN PHOSPHATE_TOPICAL GEL"
"1572","PROGRAF"
"1573","VANCERIL DOUBLE STRENGTH"
"1574","Z-BEC"
"1575","FLUNARIZINE"
"1576","CALCIUM DOBESILATE"
"1577","BACTROBAN CREAM"
"1578","ANTIVERT/25"
"1579","ESTRADIOL/NORETH AC"
"1580","METHADONE"
"1581","HALDOL"
"1582","ISOPTO ATROPINE"
"1583","DACRIOSE"
"1584","MOLD/YEAST/DUST"
"1585","PROTONIX (PANTOPRAZOLE SODIUM)"
"1586","CLOBETASOL PROPIONATE-SOLUTION"
"1587","CARDIA"
"1588","GUAIFEN/P-EPHED HCL/D-CP"
"1589","TRIAMCINOLONE ACETONIDE .1%"
"1590","ALLERGY INJECTION"
"1591","CICLOPROX"
"1592","ACTIVELLA"
"1593","SYNALAR"
"1594","TERAZOL"
"1595","CLEMASTINE FUMARATE"
"1596","DEMEROL"
"1597","POTASSIUM IODIDE"
"1598","PANTHENOL/GLY(EMOLL)/PET H-PH"
"1599","CAVERJECT"
"1600","HEPATITIS A VIRUS VACCINE"
"1601","ESTROGEN CREAM"
"1602","EAR ANTIBIOTIC DROPS"
"1603","V-CILLIN K"
"1604","NARDIL"
"1605","NECON"
"1606","IBERET"
"1607","GENTACIDIN"
"1608","DURANEST"
"1609","NORMODYNE"
"1610","TRIAMCINOLONE ACETONIDE LOTION"
"1611","ROBITUSSIN WITH CODEINE"
"1612","PROGESTERONE GEL 4%"
"1613","TRIAMCINOLONE ACETONIDE AQUAPHOREL"
"1614","BENADRYL ITCH RELIEF"
"1615","CLEOCIN 1% CREAM"
"1616","RESPBID"
"1617","NORETHINDRONE-MESTRANOL"
"1618","MILK OF MAGNESIA"
"1619","TRIMIPRAMINE MALEATE"
"1620","PROTONIX (PANTOPROZOLE)"
"1621","RESERPINE/HYDROFLUMETHIAZIDE"
"1622","CLEOCIN TO"
"1623","AFRIN"
"1624","SALINE MIST"
"1625","TEMPRA"
"1626","VITAMIN B COMPLEX"
"1627","MOTRIN IB"
"1628","ESTAR"
"1629","VOSOL HC"
"1630","SILVER SULFADIAZINE"
"1631","ALORA"
"1632","EYE LUBRICANT"
"1633","MYLANTA"
"1634","ALBUTEROL SULFATE/IPRATROPIUM"
"1635","BETAMETHASONE DIPROPIONATE-LOTION"
"1636","IOPHEN-C-NR"
"1637","RANITIDINE HYDROCHLORIDE"
"1638","TRIBENOSIDE"
"1639","ALMACONE"
"1640","LIDOCAINE HCL VISCOUS"
"1641","GUIATUSS PE"
"1642","CITRACAL"
"1643","CENTRUM"
"1644","DIABETA"
"1645","MINOXIDIL"
"1646","NYSTATIN/TRIAMCINOLONE"
"1647","NOLVADEX"
"1648","MECLOFENAMATE SODIUM"
"1649","EMBRIL"
"1650","GLYSET"
"1651","ATENDE"
"1652","TENORETIC 50"
"1653","ASPIRIN BUFFERED"
"1654","TOFRANIL-PM"
"1655","KENALOG-40"
"1656","LYMERIX"
"1657","KETOTIFEN FUMARATE"
"1658","FLUDARABINE PHOSPHATE"
"1659","LAMICTAL"
"1660","GLUCOSAMINE SULFATE"
"1661","CORDRAN TAPE"
"1662","POTASSIUM CITRATE"
"1663","PENTOSAN POLYSULFATE SODIUM"
"1664","GRISEOFULVIN ULTRAMICROSIZE"
"1665","ACETAMINOPHEN/BUTALBITAL"
"1666","ERGOTAMINE/BELLADONNA/PB"
"1667","SALSITAB"
"1668","BEROCCA PLUS"
"1669","PHRENILIN"
"1670","THEO-DUR"
"1671","TRIAZ"
"1672","MAGNESIUM HYDROXIDE"
"1673","MEGESTROL ACETATE"
"1674","METAXALONE"
"1675","MIDODRINE HCL"
"1676","ADAPALENE"
"1677","K-LOR"
"1678","HYDROCHLOTHALIDONE"
"1679","RABEPRAZOLE SODIUM"
"1680","DOXAZOSIN"
"1681","BIMATOPROST OPH. SOL."
"1682","ANAPROX DS"
"1683","DIMETANE-DX"
"1684","HISTUSSIN HC"
"1685","LUMIGEN"
"1686","LUPRON DEPOT"
"1687","FASTIN"
"1688","ALOCRIL"
"1689","PREDNISOLONE SODIUM PHOSPHATE"
"1690","PANMIST DM"
"1691","TRIAMCINOLONE ACETONIDE TOPICAL CREAM"
"1692","TRIAMCINOLONE ACETONIDE TOPICAL"
"1693","KONSYL"
"1694","ORPHENADRINE COMPOUND"
"1695","NOVOLIN 70/30"
"1696","LAMISIL CREME"
"1697","BISOPROLOL/HCTZ"
"1698","POT BICARB/POTASSIUM CIT/CA"
"1699","GUAIFENESIN DM SR"
"1700","POLYMYXIN B SULFATE/TMP"
"1701","TRIAMCINOLONE ACETONIDE (EENT ANTIINFLAMMATORY)"
"1702","ADVIR"
"1703","FENTANYL"
"1704","LOTEMAX"
